,batch size (log),train accuracy,test accuracy
0,2.0,0.9477134943008423,0.8190184235572815
1,3.0,0.9726426601409912,0.8522030115127563
2,4.0,0.9845811128616333,0.9085331559181213
3,5.0,0.9925131797790527,0.9064416885375977
4,6.0,0.9957911968231201,0.9005855917930603
5,7.0,0.9976527690887451,0.904629111289978
6,8.0,0.9987859129905701,0.9184327721595764
7,9.0,0.9961958527565002,0.8944506645202637
8,10.0,0.9965600967407227,0.8865030407905579
